epoch,discriminator_loss,generator_loss
1,0.6845341920852661,0.6694926
2,0.6886996030807495,0.6731671
3,0.6935164928436279,0.66961366
4,0.6938380002975464,0.6688746
5,0.6937738656997681,0.66919756
6,0.6933611631393433,0.66925097
7,0.6946878433227539,0.6681734
8,0.6938011646270752,0.66960186
9,0.6945505142211914,0.6698201
10,0.6950428485870361,0.6695967
11,0.6954326629638672,0.670142
12,0.6954990029335022,0.6701624
13,0.6951257586479187,0.6695678
14,0.6951346397399902,0.6704493
15,0.6949580907821655,0.6703755
16,0.694949746131897,0.67030996
17,0.6947070360183716,0.6700638
18,0.69460129737854,0.6700873
19,0.6947475671768188,0.6704587
20,0.6944930553436279,0.6704222
21,0.6945298910140991,0.6705805
22,0.6944997906684875,0.67070085
23,0.6945992708206177,0.67059034
24,0.6946616172790527,0.6710145
25,0.694642186164856,0.67114526
26,0.6943914890289307,0.67118084
27,0.6942372918128967,0.6712239
28,0.6940957307815552,0.67130333
29,0.6940512657165527,0.6712875
30,0.6942386627197266,0.6714142
31,0.6944458484649658,0.67131025
32,0.694466233253479,0.67114
33,0.6945108771324158,0.6712601
34,0.694429337978363,0.67120385
35,0.6944108009338379,0.67118245
36,0.6943926811218262,0.6711143
37,0.6943826675415039,0.6709116
38,0.6943325996398926,0.67116076
39,0.6944751739501953,0.67142135
40,0.694381594657898,0.6711139
41,0.6942856311798096,0.6711264
42,0.694185733795166,0.6710153
43,0.6940460205078125,0.67107964
44,0.6937049627304077,0.67100245
45,0.6936768889427185,0.671192
46,0.6935660243034363,0.6713489
47,0.6934823393821716,0.6713854
48,0.6935312151908875,0.67132086
49,0.6935369968414307,0.6713446
50,0.6935011148452759,0.6713216
51,0.6934738159179688,0.6712306
52,0.6934428215026855,0.6710462
53,0.6933555603027344,0.67105067
54,0.6934808492660522,0.6711492
55,0.6935617923736572,0.6711024
56,0.6935948133468628,0.67118543
57,0.6935897469520569,0.6712026
58,0.6937237977981567,0.67122245
59,0.6937732696533203,0.67147404
60,0.6938361525535583,0.6713213
61,0.6938492059707642,0.6713048
62,0.6938014626502991,0.6713957
63,0.6938046216964722,0.6713778
64,0.6936243772506714,0.67117894
65,0.693654477596283,0.671259
66,0.6936764717102051,0.67128086
67,0.6935954093933105,0.6712128
68,0.6935335397720337,0.67116153
69,0.6935939788818359,0.67120534
70,0.6936399340629578,0.67120546
71,0.6936585903167725,0.6711898
72,0.6936274766921997,0.67121524
73,0.6936202049255371,0.67118865
74,0.693631649017334,0.67120194
75,0.6936862468719482,0.6712413
76,0.6936442852020264,0.67112
77,0.6937291622161865,0.67112094
78,0.6938133239746094,0.6711255
79,0.6937879323959351,0.670998
80,0.6936933994293213,0.670999
81,0.6936675906181335,0.6711163
82,0.6937546730041504,0.6711238
83,0.6937624216079712,0.6710676
84,0.6937961578369141,0.67112994
85,0.6937255859375,0.6711801
86,0.6937770843505859,0.6712523
87,0.6937812566757202,0.6713231
88,0.6937277317047119,0.67129844
89,0.6937140822410583,0.67122763
90,0.6936516165733337,0.67119855
91,0.6935232877731323,0.6712703
92,0.6934861540794373,0.6713587
93,0.6934794187545776,0.6713443
94,0.6934146881103516,0.6713251
95,0.6933946013450623,0.6713704
96,0.6934062838554382,0.6713869
97,0.6934056282043457,0.6713528
98,0.6934077143669128,0.6713474
99,0.6934144496917725,0.6714149
100,0.693427562713623,0.67147917
101,0.6934065818786621,0.6715044
102,0.6934890747070312,0.6714932
103,0.6935633420944214,0.6715836
104,0.6936187744140625,0.6715464
105,0.6936401128768921,0.6714955
106,0.6936379671096802,0.6714702
107,0.6936109066009521,0.6714575
108,0.6936322450637817,0.67149127
109,0.6936037540435791,0.6713965
110,0.6935571432113647,0.67143136
111,0.693677544593811,0.67133164
112,0.6937435865402222,0.6713182
113,0.6937947273254395,0.67124826
114,0.6938656568527222,0.67124236
115,0.6939113140106201,0.67127305
116,0.6940033435821533,0.6712076
117,0.6940306425094604,0.67120004
118,0.6940765976905823,0.67113703
119,0.694098949432373,0.67099583
120,0.6941684484481812,0.67094
121,0.6941478252410889,0.67083746
122,0.6941817998886108,0.6708218
123,0.6941776275634766,0.6707448
124,0.6942035555839539,0.6705919
125,0.6942766904830933,0.67049706
126,0.6942986249923706,0.6703053
127,0.6943745613098145,0.67023593
128,0.6944172382354736,0.67006814
129,0.6945134401321411,0.66992545
130,0.6946111917495728,0.6697745
131,0.6947453618049622,0.66955256
132,0.6948890686035156,0.6694231
133,0.6949838399887085,0.6691845
134,0.6951027512550354,0.66895616
135,0.6952508687973022,0.6687595
136,0.6953494548797607,0.6685271
137,0.695499062538147,0.6682632
138,0.6956632137298584,0.6679983
139,0.695759654045105,0.6677751
140,0.6959049701690674,0.6675183
141,0.6960704326629639,0.66720504
142,0.6962841749191284,0.6669264
143,0.6964824199676514,0.66668093
144,0.6966556310653687,0.66640586
145,0.6968327760696411,0.6660821
146,0.696961522102356,0.66575205
147,0.6970776319503784,0.66548127
148,0.6972334384918213,0.6651412
149,0.6974211931228638,0.6647612
150,0.6976410150527954,0.66441774
151,0.6977958679199219,0.66415054
152,0.6980276107788086,0.6637754
153,0.6982165575027466,0.6634752
154,0.6984125971794128,0.66312367
155,0.6986068487167358,0.66278934
156,0.6987991333007812,0.6623976
157,0.6989471912384033,0.66200805
158,0.6991796493530273,0.661593
159,0.6994025707244873,0.6612324
160,0.6995956897735596,0.6608438
161,0.6998568773269653,0.6604192
162,0.7000662088394165,0.6599992
163,0.7003238201141357,0.6595956
164,0.7005825042724609,0.65912765
165,0.7008460760116577,0.6587206
166,0.7010607719421387,0.65821826
167,0.7012832760810852,0.6578177
168,0.7015688419342041,0.6573745
169,0.7018217444419861,0.6569251
170,0.7020939588546753,0.656492
171,0.7023724913597107,0.65603644
172,0.7026916742324829,0.6555674
173,0.7029756307601929,0.6550614
174,0.7032702565193176,0.6545474
175,0.7035387754440308,0.65405214
176,0.703829288482666,0.6535335
177,0.7041456699371338,0.6530231
178,0.7044697999954224,0.6524545
179,0.7047916650772095,0.6519832
180,0.7051228284835815,0.65140444
181,0.7054365873336792,0.6509042
182,0.705752968788147,0.6503123
183,0.7060747742652893,0.6497236
184,0.7064052820205688,0.64910144
185,0.7068156599998474,0.6485025
186,0.7072286605834961,0.6478224
187,0.7076187133789062,0.64715827
188,0.708036482334137,0.6465934
189,0.7084413766860962,0.64596254
190,0.7088360786437988,0.6453051
191,0.7092440724372864,0.6446545
192,0.709648609161377,0.6439256
193,0.7100522518157959,0.6432389
194,0.7104575037956238,0.6425272
195,0.7109236717224121,0.6418299
196,0.7113547325134277,0.64107764
197,0.711833119392395,0.6403512
198,0.7123212814331055,0.6396095
199,0.7127823829650879,0.6388937
200,0.7132394313812256,0.63812095
201,0.7136949300765991,0.63734776
202,0.7141611576080322,0.63649803
203,0.7147085666656494,0.6356998
204,0.7152899503707886,0.63488656
205,0.7158752679824829,0.63406456
206,0.7164348363876343,0.6332895
207,0.717008650302887,0.63241833
208,0.7175542712211609,0.63157344
209,0.7181376218795776,0.6307597
210,0.7186840772628784,0.62994504
211,0.7192466259002686,0.62909466
212,0.7198171615600586,0.62827533
213,0.720443844795227,0.62748724
214,0.721026599407196,0.626647
215,0.7215985059738159,0.62581235
216,0.7221819162368774,0.6249699
217,0.722805380821228,0.624153
218,0.7234158515930176,0.6233187
219,0.7240402102470398,0.62251776
220,0.7246933579444885,0.6216856
221,0.7253381013870239,0.6208856
222,0.7259207963943481,0.6200297
223,0.726470947265625,0.6191616
224,0.7270371913909912,0.61832726
225,0.7276328206062317,0.6175335
226,0.7282354831695557,0.6166595
227,0.7288339734077454,0.61585784
228,0.7294297218322754,0.61504
229,0.7300660610198975,0.6142003
230,0.7306795120239258,0.6133602
231,0.7312638759613037,0.61253667
232,0.7318190336227417,0.61168027
233,0.7323970794677734,0.61080784
234,0.7329843044281006,0.6099967
235,0.7335896492004395,0.60921836
236,0.7341322898864746,0.6083948
237,0.7346552014350891,0.60756975
238,0.735184907913208,0.60673594
239,0.7357788681983948,0.60596865
240,0.7364003658294678,0.6051748
241,0.7370096445083618,0.60435736
242,0.7375792860984802,0.60353863
243,0.7381815910339355,0.60274076
244,0.7387939691543579,0.60193235
245,0.7394036054611206,0.6011054
246,0.7400006651878357,0.6002837
247,0.7405543923377991,0.5995013
248,0.741141676902771,0.5987322
249,0.7417179346084595,0.5979601
250,0.742330014705658,0.5972188
251,0.7429490089416504,0.5964725
252,0.7435291409492493,0.5956785
253,0.7440913915634155,0.5948934
254,0.7446895837783813,0.59415466
255,0.7452768087387085,0.59336895
256,0.7459061741828918,0.592648
257,0.7464877367019653,0.5918431
258,0.747051477432251,0.5911106
259,0.747602641582489,0.5904122
260,0.748144268989563,0.5896845
261,0.7487549781799316,0.5889529
262,0.749353289604187,0.5881849
263,0.7499394416809082,0.587439
264,0.7504839897155762,0.58668417
265,0.7510467171669006,0.5859416
266,0.7516372203826904,0.5852137
267,0.752216100692749,0.5845004
268,0.7527892589569092,0.583758
269,0.7533575892448425,0.58304065
270,0.7538770437240601,0.5823337
271,0.7544059753417969,0.5816087
272,0.7549450397491455,0.58091205
273,0.755492627620697,0.58019996
274,0.756013810634613,0.5794847
275,0.7565592527389526,0.57876986
276,0.7571324706077576,0.5780293
277,0.7576925754547119,0.57731247
278,0.7582170963287354,0.5766126
279,0.758760392665863,0.5759214
280,0.7593004703521729,0.575184
281,0.7598203420639038,0.5745072
282,0.7603917121887207,0.5738237
283,0.7609354257583618,0.5731357
284,0.7614821791648865,0.5724345
285,0.7620482444763184,0.57176197
286,0.7625805735588074,0.57110006
287,0.7630705237388611,0.5703888
288,0.7636029720306396,0.56973064
289,0.7641705274581909,0.5690814
290,0.764741063117981,0.56839913
291,0.7652641534805298,0.5677388
292,0.7658458948135376,0.5670634
293,0.7664006948471069,0.5664217
294,0.7669210433959961,0.5657619
295,0.7674585580825806,0.56509525
296,0.767996609210968,0.5644427
297,0.7685308456420898,0.5637998
298,0.769040584564209,0.5631666
299,0.7695379257202148,0.5625455
300,0.7700150012969971,0.56192017
301,0.7704741954803467,0.5612927
302,0.7709420919418335,0.5606972
303,0.7714426517486572,0.5600758
304,0.7719086408615112,0.5594142
305,0.772377073764801,0.5587881
306,0.7728880643844604,0.5581425
307,0.7733891010284424,0.5575147
308,0.7738747596740723,0.5569098
309,0.7743735313415527,0.55632025
310,0.7748467922210693,0.5557306
311,0.775312602519989,0.55509466
312,0.7757687568664551,0.5545044
313,0.7762503623962402,0.55392414
314,0.7767446041107178,0.5533282
315,0.7772407531738281,0.55272806
316,0.7777307033538818,0.5521437
317,0.7782251238822937,0.5515263
318,0.778692364692688,0.55092484
319,0.7791496515274048,0.5503104
320,0.7796123623847961,0.5497334
321,0.7800695300102234,0.54916817
322,0.7805564403533936,0.54858094
323,0.7810184955596924,0.5479965
324,0.7815002799034119,0.5474126
325,0.7819610834121704,0.54684484
326,0.7824260592460632,0.5463005
327,0.7828762531280518,0.5457316
328,0.783332109451294,0.5451477
329,0.7838006019592285,0.54457766
330,0.7842737436294556,0.5440339
331,0.7847265005111694,0.5434946
332,0.7851662635803223,0.5429525
333,0.7856194376945496,0.5423902
334,0.7861047983169556,0.54183054
335,0.786536455154419,0.5413159
336,0.7869663834571838,0.5408036
337,0.7874143719673157,0.54026383
338,0.7878568768501282,0.53975034
339,0.7882864475250244,0.5392139
340,0.7887364625930786,0.5386613
341,0.7891628742218018,0.5381426
342,0.7895844578742981,0.53758144
343,0.7900263071060181,0.53704005
344,0.7904829382896423,0.5364735
345,0.7909001111984253,0.53594035
346,0.7913023829460144,0.53543735
347,0.7917443513870239,0.5349028
348,0.7922215461730957,0.53437495
349,0.7926862239837646,0.53386515
350,0.7931315898895264,0.53334004
351,0.7935620546340942,0.5328383
352,0.7940241098403931,0.53232855
353,0.7944779396057129,0.5317857
354,0.7948998808860779,0.531287
355,0.7953377962112427,0.5307735
356,0.7958099842071533,0.5302757
357,0.7962576746940613,0.52977604
358,0.7966887950897217,0.52925116
359,0.7970833778381348,0.5287448
360,0.7974657416343689,0.5282669
361,0.7978427410125732,0.52776814
362,0.7982401251792908,0.5272787
363,0.7986306548118591,0.52678704
364,0.7990233898162842,0.52630174
365,0.7994660139083862,0.5258227
366,0.7998533248901367,0.5253481
367,0.8002310991287231,0.5248583
368,0.8006082773208618,0.52434844
369,0.8010345101356506,0.5238982
370,0.8014624714851379,0.52342975
371,0.8018941879272461,0.52295727
372,0.8022879362106323,0.5224633
373,0.8026974201202393,0.52199656
374,0.8031325340270996,0.52151036
375,0.8035691976547241,0.5210445
376,0.80401611328125,0.5205597
377,0.8044388294219971,0.52010137
378,0.8048409223556519,0.5196612
379,0.8052611351013184,0.51919496
380,0.8056765794754028,0.51876736
381,0.806057870388031,0.51829153
382,0.806454062461853,0.5178374
383,0.8068341016769409,0.5173667
384,0.8072118759155273,0.51691574
385,0.8075850009918213,0.51644915
386,0.8079560399055481,0.51598233
387,0.8083134889602661,0.5155191
388,0.8087209463119507,0.5150793
389,0.8091081380844116,0.5146182
390,0.8095074892044067,0.51418966
391,0.8098914623260498,0.51373845
392,0.810282826423645,0.51329136
393,0.8106619715690613,0.51285064
394,0.8110339641571045,0.5124257
395,0.8113950490951538,0.5119838
396,0.8117555379867554,0.5115324
397,0.8120918273925781,0.51110816
398,0.8124673366546631,0.5106822
399,0.8128318786621094,0.5102578
400,0.8131952881813049,0.50982237
401,0.8135469555854797,0.5093848
402,0.8139088749885559,0.50895417
403,0.8142428398132324,0.50853646
404,0.8145933151245117,0.5081204
405,0.8149347305297852,0.50770986
406,0.815326452255249,0.50728714
407,0.815714418888092,0.5068475
408,0.8160603046417236,0.50643224
409,0.8164137601852417,0.5060088
410,0.8167778253555298,0.50558525
411,0.8171346783638,0.50517696
412,0.8174796104431152,0.5047738
413,0.8178167343139648,0.50438243
414,0.8181838989257812,0.503985
415,0.8185482025146484,0.503577
416,0.8189097046852112,0.50316554
417,0.8192811012268066,0.50277156
418,0.8196103572845459,0.5023739
419,0.819945216178894,0.50198174
420,0.8202821612358093,0.5015837
421,0.8206355571746826,0.5011712
422,0.8209737539291382,0.50078
423,0.8213239908218384,0.5004007
424,0.8216876983642578,0.49999225
425,0.8220314979553223,0.49958542
426,0.8223733901977539,0.49918807
427,0.822695255279541,0.49880525
428,0.8230225443840027,0.49841163
429,0.8233689665794373,0.49800003
430,0.8236788511276245,0.49758115
431,0.8240117430686951,0.49718553
432,0.8243538737297058,0.49680126
433,0.8247053623199463,0.49642676
434,0.8250373601913452,0.49604556
435,0.825373113155365,0.4956823
436,0.8257322907447815,0.49529624
437,0.8260767459869385,0.49492437
438,0.826435923576355,0.4945592
439,0.8267755508422852,0.49416783
440,0.82710862159729,0.49379557
441,0.8274496793746948,0.49342415
442,0.8277568817138672,0.49306417
443,0.8280438184738159,0.49269065
444,0.8283569812774658,0.49231705
445,0.8286586999893188,0.49196315
446,0.8289750814437866,0.4916173
447,0.8292886018753052,0.49125803
448,0.8295798301696777,0.49090624
449,0.82989901304245,0.49054238
450,0.8302215337753296,0.4901926
451,0.8305147290229797,0.4898621
452,0.8307838439941406,0.48951575
453,0.8310560584068298,0.4891509
454,0.8313557505607605,0.48881063
455,0.8316780924797058,0.48847458
456,0.8319886326789856,0.488135
457,0.8323066234588623,0.4877941
458,0.8326237201690674,0.48744643
459,0.8329563140869141,0.48707816
460,0.8332580327987671,0.48673806
461,0.8335505723953247,0.48638937
462,0.8338494300842285,0.486057
463,0.8341406583786011,0.48571062
464,0.8344177007675171,0.4853651
465,0.8346844911575317,0.48502725
466,0.8349825143814087,0.4846935
467,0.8353004455566406,0.48435703
468,0.8356014490127563,0.48400912
469,0.8359118700027466,0.48367155
470,0.8362228870391846,0.48333964
471,0.8365463018417358,0.48301128
472,0.8368393778800964,0.48266914
473,0.8371101021766663,0.48235264
474,0.837393045425415,0.48201182
475,0.8376811742782593,0.48166993
476,0.837989330291748,0.4813361
477,0.8383029103279114,0.4810054
478,0.8386179804801941,0.480668
479,0.8389118909835815,0.48033434
480,0.8392053842544556,0.4800189
481,0.8394967317581177,0.47970456
482,0.839765727519989,0.47938395
483,0.8400338292121887,0.47907585
484,0.8403079509735107,0.4787541
485,0.8405882716178894,0.47844082
486,0.8408755660057068,0.4781069
487,0.8411692380905151,0.47779822
488,0.8414655327796936,0.47748208
489,0.8417485356330872,0.47716048
490,0.8420394062995911,0.47684658
491,0.8423329591751099,0.47654414
492,0.8426140546798706,0.47623688
493,0.8429011106491089,0.47593066
494,0.8431864976882935,0.4756314
495,0.8434386849403381,0.47531503
496,0.8437083959579468,0.47500938
497,0.8439736366271973,0.4747043
498,0.8442507982254028,0.47440267
499,0.8445265293121338,0.47408736
500,0.8448097109794617,0.47376144
501,0.8450767993927002,0.47345567
502,0.8453577756881714,0.47316566
503,0.8456258773803711,0.472871
504,0.845888614654541,0.4725785
505,0.8461419343948364,0.4722935
506,0.8463894128799438,0.4719871
507,0.8466216325759888,0.47170684
508,0.8468776345252991,0.47143206
509,0.8471246957778931,0.47115302
510,0.8473852872848511,0.47086486
511,0.8476229906082153,0.4705716
512,0.8478845953941345,0.47027853
513,0.8481488227844238,0.46998447
514,0.8483854532241821,0.46970332
515,0.8486423492431641,0.46940547
516,0.848913311958313,0.4691178
517,0.8491621017456055,0.46881545
518,0.8494151830673218,0.46854478
519,0.8496743440628052,0.46826336
520,0.849936842918396,0.46797928
521,0.8501831293106079,0.4676834
522,0.8504340648651123,0.46739548
523,0.8506884574890137,0.4671144
524,0.8509328365325928,0.46683556
525,0.8511850833892822,0.4665597
526,0.8514260053634644,0.4663028
527,0.851668119430542,0.46604416
528,0.851913332939148,0.46578673
529,0.8521746397018433,0.46552247
530,0.8524287939071655,0.46524248
531,0.8526763916015625,0.46495077
532,0.8529311418533325,0.46467766
533,0.8532015085220337,0.4643883
534,0.853479266166687,0.46411446
535,0.8537355661392212,0.46384966
536,0.8539891242980957,0.46357027
537,0.8542450666427612,0.46328714
538,0.854515552520752,0.46301988
539,0.8547792434692383,0.46274078
540,0.8550251126289368,0.4624709
541,0.8552709817886353,0.46220726
542,0.855521559715271,0.46194178
543,0.8557658195495605,0.46167538
544,0.8560010194778442,0.4614261
545,0.8562310338020325,0.46115214
546,0.8564637899398804,0.46088815
547,0.8567107915878296,0.46063635
548,0.8569682836532593,0.46037215
549,0.8572200536727905,0.46008882
550,0.8574627637863159,0.45982698
551,0.8577280044555664,0.45956287
552,0.8579797744750977,0.45931047
553,0.8582336902618408,0.45905873
554,0.8584744930267334,0.45879847
555,0.8586860299110413,0.45853913
556,0.8589050769805908,0.45827842
557,0.8591503500938416,0.45802256
558,0.859389066696167,0.4577675
559,0.8596414923667908,0.45751652
560,0.8598853945732117,0.45725015
561,0.8600919842720032,0.45698538
562,0.8603229522705078,0.45675012
563,0.8605454564094543,0.4565071
564,0.8607362508773804,0.45625976
565,0.8609540462493896,0.45599565
566,0.8611847162246704,0.45574677
567,0.8614033460617065,0.45548868
568,0.8616437911987305,0.45522663
569,0.8618714213371277,0.4549848
570,0.8621077537536621,0.45474195
571,0.8623437881469727,0.45448098
572,0.8625796437263489,0.45424637
573,0.862802267074585,0.45399404
574,0.8630236387252808,0.45374557
575,0.8632422089576721,0.45350587
576,0.8634563684463501,0.45325094
577,0.863648533821106,0.45300743
578,0.8638591766357422,0.45277604
579,0.8640763759613037,0.45254913
580,0.8642849922180176,0.45231444
581,0.8645064830780029,0.4520934
582,0.8647218942642212,0.45184997
583,0.8649247884750366,0.45162335
584,0.865146279335022,0.45138347
585,0.8653650283813477,0.45115003
586,0.8655747175216675,0.4509058
587,0.865800142288208,0.45067373
588,0.8660290241241455,0.4504324
589,0.8662657737731934,0.45019832
590,0.8664965629577637,0.44993958
591,0.8667229413986206,0.44970927
592,0.8669483065605164,0.44948217
593,0.8671732544898987,0.44925725
594,0.867402195930481,0.449028
595,0.867597222328186,0.44880295
596,0.8678045868873596,0.44858274
597,0.8680167198181152,0.4483409
598,0.8682183623313904,0.44812477
599,0.8684109449386597,0.44789594
600,0.8686082363128662,0.447671
601,0.8688099384307861,0.4474431
602,0.8690009713172913,0.44721398
603,0.8692147135734558,0.44698322
604,0.8694143295288086,0.44675082
605,0.8696013689041138,0.4465281
606,0.8697916269302368,0.446308
607,0.8699871301651001,0.44608098
608,0.870185911655426,0.44585168
609,0.8704001903533936,0.44564083
610,0.8705984950065613,0.44541812
611,0.8708122968673706,0.44519183
612,0.8710247278213501,0.44495827
613,0.8712522983551025,0.44472927
614,0.8714653253555298,0.44451973
615,0.8716628551483154,0.444299
616,0.8718603849411011,0.4440799
617,0.8720703125,0.44387096
618,0.872267484664917,0.4436596
619,0.8724761605262756,0.443445
620,0.8726768493652344,0.4432302
621,0.8728796243667603,0.44302702
622,0.8730813264846802,0.44281733
623,0.8732782006263733,0.44258702
624,0.8734803795814514,0.44237778
625,0.8736835718154907,0.44215682
626,0.8738765716552734,0.44196063
627,0.8740702867507935,0.44174477
628,0.8742907047271729,0.44152102
629,0.8744852542877197,0.44130912
630,0.8746769428253174,0.4410993
631,0.8748785257339478,0.44088736
632,0.8750903606414795,0.44066867
633,0.8752938508987427,0.4404532
634,0.8755044341087341,0.44024476
635,0.8756958246231079,0.44004825
636,0.875886857509613,0.43983537
637,0.8760949373245239,0.43963316
638,0.8762876987457275,0.4394363
639,0.8764617443084717,0.43924242
640,0.8766512870788574,0.43903407
641,0.8768401741981506,0.43882787
642,0.8770445585250854,0.4386285
643,0.8772585391998291,0.43841174
644,0.8774533271789551,0.43820053
645,0.8776472806930542,0.43800876
646,0.8778424859046936,0.4377991
647,0.8780332803726196,0.43759853
648,0.8782296180725098,0.43739247
649,0.8784236907958984,0.43718344
650,0.8786088228225708,0.43698946
651,0.8787940740585327,0.43680128
652,0.8789949417114258,0.43659434
653,0.8791948556900024,0.43638647
654,0.879386842250824,0.43619737
655,0.8795771598815918,0.43599546
656,0.8797731399536133,0.43579102
657,0.8799642324447632,0.43559134
658,0.8801594972610474,0.43540636
659,0.8803203105926514,0.43522358
660,0.880481481552124,0.4350271
661,0.8806666731834412,0.43483883
662,0.8808530569076538,0.4346541
663,0.8810348510742188,0.4344682
664,0.8812182545661926,0.43427047
665,0.8814030885696411,0.4340829
666,0.8815822601318359,0.43389153
667,0.8817527294158936,0.43370333
668,0.8819366693496704,0.43351445
669,0.8821246027946472,0.4333264
670,0.8823031783103943,0.43313187
671,0.8824681043624878,0.4329445
672,0.8826355934143066,0.4327541
673,0.8828097581863403,0.43255973
674,0.8829957246780396,0.43237296
675,0.8831926584243774,0.4321783
676,0.8833653330802917,0.4319997
677,0.883534848690033,0.4318183
678,0.88371342420578,0.43164444
679,0.8838804960250854,0.43146387
680,0.8840449452400208,0.4312712
681,0.8842038512229919,0.43108356
682,0.8843681812286377,0.4308928
683,0.8845469355583191,0.43070325
684,0.8847217559814453,0.430508
685,0.8849037289619446,0.43033433
686,0.885088324546814,0.43016592
687,0.885265588760376,0.42998236
688,0.8854471445083618,0.42979124
689,0.8856279850006104,0.42961523
690,0.8858044147491455,0.42944133
691,0.8859684467315674,0.42926413
692,0.8861403465270996,0.42908755
693,0.886310338973999,0.4288968
694,0.8864697217941284,0.42872262
695,0.8866187930107117,0.42854035
696,0.8867793083190918,0.4283625
697,0.886949896812439,0.42818028
698,0.887113094329834,0.42801186
699,0.8872677087783813,0.42782313
700,0.8874307870864868,0.4276428
701,0.8876031041145325,0.42745227
702,0.8877782821655273,0.4272731
703,0.8879532814025879,0.42710024
704,0.8881266117095947,0.4269144
705,0.8883028030395508,0.4267336
706,0.8884676694869995,0.42655116
707,0.8886153697967529,0.4263954
708,0.8887826204299927,0.42622817
709,0.8889453411102295,0.42606038
710,0.8891017436981201,0.4258928
711,0.8892537355422974,0.42571366
712,0.8894118070602417,0.4255475
713,0.8896070718765259,0.42537963
714,0.8897861242294312,0.4252105
715,0.8899648189544678,0.42505053
716,0.8901395201683044,0.42487273
717,0.8902829885482788,0.42469832
718,0.8904402852058411,0.4245353
719,0.8906108140945435,0.42435932
720,0.8907774686813354,0.42419595
721,0.8909474015235901,0.42403236
722,0.8910985589027405,0.42386347
723,0.8912433385848999,0.4237036
724,0.891390323638916,0.4235496
725,0.8915365934371948,0.42338628
726,0.8916820287704468,0.4232191
727,0.8918466567993164,0.42304775
728,0.8920052647590637,0.42287633
729,0.8921637535095215,0.42271438
730,0.8923206329345703,0.42254263
731,0.8924704790115356,0.42237294
732,0.8926231861114502,0.4222089
733,0.8927860260009766,0.42204806
734,0.8929312229156494,0.4218871
735,0.8930805921554565,0.42172495
736,0.89324951171875,0.4215486
737,0.8934156894683838,0.4213798
738,0.8935803174972534,0.42122537
739,0.8937371969223022,0.4210509
740,0.8938958644866943,0.42088372
741,0.8940247893333435,0.42071867
742,0.894179105758667,0.4205555
743,0.894338071346283,0.42039582
744,0.8944897651672363,0.42023674
745,0.8946443796157837,0.4200758
746,0.8948097229003906,0.4199076
747,0.8949597477912903,0.41973126
748,0.89512038230896,0.41956428
749,0.8952732086181641,0.41940388
750,0.8954240083694458,0.4192351
751,0.8955800533294678,0.41907334
752,0.8957462310791016,0.41891477
753,0.8959384560585022,0.4187566
754,0.8961219191551208,0.41859925
755,0.8962944746017456,0.4184458
756,0.8964400887489319,0.41828462
757,0.8965853452682495,0.418136
758,0.8967397212982178,0.41798618
759,0.8968805074691772,0.4178505
760,0.8970084190368652,0.41769767
761,0.8971463441848755,0.41754907
762,0.8973009586334229,0.4173981
763,0.8974502086639404,0.4172472
764,0.8975986242294312,0.4170995
765,0.8977370262145996,0.41694355
766,0.897887110710144,0.4167826
767,0.8980361819267273,0.41662642
768,0.898177981376648,0.41647324
769,0.8983311057090759,0.4163137
770,0.8984972238540649,0.4161626
771,0.8986550569534302,0.41601837
772,0.8987877368927002,0.41587034
773,0.8989241123199463,0.41570896
774,0.8990762829780579,0.41555348
775,0.8991988897323608,0.41540077
776,0.8993333578109741,0.41525966
777,0.8994764089584351,0.41511405
778,0.8996132612228394,0.4149716
779,0.8997560739517212,0.41482258
780,0.899898886680603,0.4146715
781,0.9000450372695923,0.41451648
782,0.9002097845077515,0.4143614
783,0.9003522396087646,0.41422853
784,0.9004727602005005,0.41408616
785,0.9005976915359497,0.41394606
786,0.9007370471954346,0.41380462
787,0.9008710384368896,0.41366345
788,0.9009915590286255,0.41352215
789,0.9011312127113342,0.41338083
790,0.9012781381607056,0.41323084
791,0.9014253616333008,0.41308683
792,0.901561975479126,0.412939
793,0.9017101526260376,0.41279295
794,0.901852548122406,0.41265392
795,0.9019914865493774,0.4125172
796,0.9021421074867249,0.41237563
797,0.9023083448410034,0.41223356
798,0.9024653434753418,0.41209385
799,0.9026162624359131,0.41195095
800,0.9027571678161621,0.41178876
801,0.9029122591018677,0.41165036
802,0.9030593633651733,0.41151777
803,0.9031936526298523,0.41137767
804,0.903317928314209,0.41123995
805,0.9034525156021118,0.41110218
806,0.9035741686820984,0.4109638
807,0.9037027359008789,0.41081578
808,0.9038289785385132,0.4106864
809,0.9039630889892578,0.4105403
810,0.9041099548339844,0.41040656
811,0.904249906539917,0.41025564
812,0.9043847322463989,0.41011524
813,0.9045114517211914,0.40996796
814,0.9046350717544556,0.4098259
815,0.9047594666481018,0.40969017
816,0.9048879146575928,0.409551
817,0.9050144553184509,0.4094157
818,0.9051480293273926,0.40928882
819,0.9052843451499939,0.40916207
820,0.905417799949646,0.4090293
821,0.9055407047271729,0.4088886
822,0.9056650996208191,0.40874818
823,0.9057855606079102,0.4086222
824,0.9058849215507507,0.4084775
825,0.9060015678405762,0.40833452
826,0.9061245322227478,0.40820545
827,0.9062612056732178,0.40807363
828,0.9063857793807983,0.40793833
829,0.9065136909484863,0.40780973
830,0.9066440463066101,0.40767744
831,0.9067838191986084,0.40753612
832,0.9069201946258545,0.40739912
833,0.9070596694946289,0.40726608
834,0.9071976542472839,0.40713295
835,0.9073354601860046,0.40701035
836,0.9074737429618835,0.40687662
837,0.9075995683670044,0.40674028
838,0.9077135324478149,0.40661222
839,0.9078296422958374,0.40648603
840,0.9079500436782837,0.4063588
841,0.9080703854560852,0.40622646
842,0.9081910848617554,0.40610528
843,0.9083088040351868,0.40598252
844,0.9084242582321167,0.40586105
845,0.908543586730957,0.40573734
846,0.9086849689483643,0.4056077
847,0.9088171720504761,0.4054767
848,0.9089438915252686,0.40535107
849,0.9090567827224731,0.4052222
850,0.9091695547103882,0.4050939
851,0.9092921614646912,0.4049598
852,0.9094318747520447,0.40482554
853,0.9095554351806641,0.40469778
854,0.9096788763999939,0.4045622
855,0.9098076820373535,0.4044339
856,0.9099476337432861,0.4043021
857,0.9100750684738159,0.40417656
858,0.9101911187171936,0.40405416
859,0.9103059768676758,0.40392393
860,0.9104059934616089,0.40379265
861,0.9105331897735596,0.4036659
862,0.9106748104095459,0.40354377
863,0.9108003377914429,0.4034254
864,0.9109261631965637,0.4033024
865,0.9110410213470459,0.40318075
866,0.9111523628234863,0.4030538
867,0.9112719297409058,0.40293425
868,0.9113916158676147,0.40280488
869,0.9115036725997925,0.4026864
870,0.911623477935791,0.40256774
871,0.9117580652236938,0.40245324
872,0.9118857383728027,0.4023319
873,0.912015438079834,0.4022069
874,0.9121437072753906,0.4020776
875,0.9122588634490967,0.401949
876,0.9123868942260742,0.4018207
877,0.9125077128410339,0.40171048
878,0.9126245975494385,0.4015904
879,0.9127650260925293,0.4014684
880,0.9129117131233215,0.40134707
881,0.9130306839942932,0.40122533
882,0.9131420850753784,0.4011073
883,0.9132624268531799,0.4009858
884,0.9133831262588501,0.4008721
885,0.9134995937347412,0.40075186
886,0.9136067032814026,0.4006418
887,0.913725733757019,0.40051946
888,0.9138466715812683,0.4004053
889,0.9139734506607056,0.40029338
890,0.9140884280204773,0.4001809
891,0.9141866564750671,0.4000582
892,0.9143052101135254,0.39993787
893,0.9144354462623596,0.39983082
894,0.9145557284355164,0.3997197
895,0.9146802425384521,0.3996035
896,0.9148076772689819,0.39949504
897,0.9149154424667358,0.3993758
898,0.9150198101997375,0.39924806
899,0.9151365756988525,0.39912558
900,0.9152563810348511,0.3990002
901,0.9153615236282349,0.3988789
902,0.9154819250106812,0.39876616
903,0.9156138300895691,0.39865097
904,0.915727972984314,0.39854196
905,0.9158295392990112,0.3984292
906,0.9159497022628784,0.3983245
907,0.9160599708557129,0.39822605
908,0.9161700010299683,0.3981198
909,0.916288435459137,0.39800757
910,0.9163953065872192,0.39789504
911,0.9164889454841614,0.3977825
912,0.9165865182876587,0.3976566
913,0.9166733026504517,0.39754257
914,0.9167779088020325,0.39743048
915,0.9168815612792969,0.3973174
916,0.9169963598251343,0.3971976
917,0.917111873626709,0.39708474
918,0.9172384142875671,0.3969722
919,0.9173463582992554,0.3968665
920,0.9174470901489258,0.3967513
921,0.9175615310668945,0.3966399
922,0.9176774024963379,0.39653376
923,0.9177895784378052,0.39642686
924,0.9179098606109619,0.39631286
925,0.9180211424827576,0.3962016
926,0.9181325435638428,0.3960853
927,0.9182490110397339,0.39597836
928,0.9183660745620728,0.39586142
929,0.9184873700141907,0.39575303
930,0.9185976386070251,0.39563438
931,0.9187076091766357,0.39552194
932,0.918806254863739,0.39541364
933,0.9189136028289795,0.3953085
934,0.9190366268157959,0.39519566
935,0.919161319732666,0.39508194
936,0.9192674160003662,0.3949789
937,0.9193604588508606,0.39486605
938,0.9194650650024414,0.3947526
939,0.9195915460586548,0.39463744
940,0.9197142124176025,0.39452752
941,0.919813871383667,0.394422
942,0.9199137091636658,0.3943148
943,0.9200176000595093,0.39419505
944,0.9201187491416931,0.39408976
945,0.920221209526062,0.3939875
946,0.9203245043754578,0.39388412
947,0.9204239249229431,0.39377418
948,0.9205329418182373,0.3936695
949,0.9206485748291016,0.39356706
950,0.9207459688186646,0.39345512
951,0.9208484888076782,0.39333826
952,0.9209613800048828,0.39322346
953,0.9210788607597351,0.39311698
954,0.9211913347244263,0.3930113
955,0.9212970733642578,0.39290434
956,0.9214044213294983,0.39279863
957,0.9215072393417358,0.39268944
958,0.9215996265411377,0.39257976
959,0.9216997623443604,0.3924689
960,0.9218094348907471,0.39235833
961,0.9219171404838562,0.39226133
962,0.9220160245895386,0.39216164
963,0.9221090078353882,0.3920605
964,0.9222136735916138,0.39196736
965,0.9223400354385376,0.39186367
966,0.922461211681366,0.39176822
967,0.922558605670929,0.3916726
968,0.9226498603820801,0.3915769
969,0.92274010181427,0.39147615
970,0.9228247404098511,0.39137313
971,0.922930121421814,0.3912641
972,0.9230380058288574,0.39116248
973,0.9231418371200562,0.39105508
974,0.9232417345046997,0.39093983
975,0.9233403205871582,0.39083484
976,0.923438549041748,0.39072978
977,0.9235408306121826,0.39063102
978,0.9236441254615784,0.3905256
979,0.9237520694732666,0.39042968
980,0.9238650798797607,0.39032602
981,0.9239733815193176,0.3902235
982,0.9240806102752686,0.3901178
983,0.9241868257522583,0.3900178
984,0.9242884516716003,0.38991493
985,0.9243969917297363,0.38981113
986,0.9245010614395142,0.38971213
987,0.9246025085449219,0.38961315
988,0.9246989488601685,0.38951412
989,0.9247958064079285,0.38941863
990,0.9248999953269958,0.3893161
991,0.9250007271766663,0.3892201
992,0.9250982403755188,0.38912082
993,0.9251944422721863,0.38903865
994,0.9252901077270508,0.38894126
995,0.925381064414978,0.3888501
996,0.925471305847168,0.38875765
997,0.9255487322807312,0.38867447
998,0.9256234765052795,0.38858905
999,0.92570960521698,0.3885074
1000,0.9257957935333252,0.38842145
1001,0.9258978366851807,0.3883251
1002,0.9259926080703735,0.388227
1003,0.9260824918746948,0.38813806
1004,0.9261895418167114,0.38803542
1005,0.9262905120849609,0.3879388
1006,0.9264001846313477,0.3878446
1007,0.9265024662017822,0.38774392
1008,0.9265871644020081,0.38765192
1009,0.9266750812530518,0.3875524
1010,0.9267699122428894,0.3874581
1011,0.9268635511398315,0.38736042
1012,0.9269574880599976,0.3872629
1013,0.9270412921905518,0.38717058
1014,0.9271354675292969,0.38706872
1015,0.9272373914718628,0.3869664
1016,0.9273321628570557,0.3868597
1017,0.9274299144744873,0.3867646
1018,0.9275286197662354,0.3866754
1019,0.9276201725006104,0.38657513
1020,0.9277166128158569,0.38648215
1021,0.9278217554092407,0.38639003
1022,0.927932620048523,0.38628983
1023,0.9280386567115784,0.38619313
1024,0.9281384944915771,0.3861021
1025,0.9282254576683044,0.38601527
1026,0.9283335208892822,0.38592106
1027,0.9284473657608032,0.38581777
1028,0.9285471439361572,0.38571548
1029,0.928659200668335,0.38561913
1030,0.9287489652633667,0.38552204
1031,0.9288406372070312,0.38542295
1032,0.9289315342903137,0.38532826
1033,0.929034411907196,0.38522884
1034,0.929134726524353,0.38513747
1035,0.9292234182357788,0.38504755
1036,0.9293081760406494,0.38495705
1037,0.9294015765190125,0.38486418
1038,0.9294956922531128,0.38477123
1039,0.9295920729637146,0.38467583
1040,0.9296891689300537,0.3845819
1041,0.9297789335250854,0.38448974
1042,0.929879903793335,0.38439834
1043,0.9299748539924622,0.38430488
1044,0.9300768375396729,0.3842153
1045,0.9301754832267761,0.384126
1046,0.9302800893783569,0.38403574
1047,0.930377721786499,0.38393065
1048,0.9304693937301636,0.38383892
1049,0.9305607080459595,0.38374817
1050,0.9306483268737793,0.3836593
1051,0.9307395815849304,0.38356596
1052,0.9308356046676636,0.3834769
1053,0.9309254884719849,0.38339373
1054,0.931007981300354,0.38330537
1055,0.9310876131057739,0.3832223
1056,0.9311676025390625,0.38313508
1057,0.931250810623169,0.38303968
1058,0.9313415288925171,0.3829506
1059,0.9314343333244324,0.38285846
1060,0.9315187931060791,0.3827677
1061,0.9316279888153076,0.38268235
1062,0.93172287940979,0.38260126
1063,0.9318163394927979,0.38251266
1064,0.9319065809249878,0.3824156
1065,0.9319980144500732,0.3823289
1066,0.9320863485336304,0.38224652
1067,0.9321749210357666,0.38216472
1068,0.9322622418403625,0.3820734
1069,0.9323475360870361,0.38198298
1070,0.9324327707290649,0.38189104
1071,0.932532787322998,0.38181096
1072,0.9326266050338745,0.38172585
1073,0.9327078461647034,0.3816476
1074,0.9327939748764038,0.38156733
1075,0.9328818917274475,0.38148198
1076,0.9329633712768555,0.38139093
1077,0.9330500364303589,0.38131118
1078,0.9331374168395996,0.3812185
1079,0.9332312345504761,0.38113505
1080,0.9333285093307495,0.38104534
1081,0.9334195852279663,0.38095462
1082,0.9335083365440369,0.3808685
1083,0.9335873126983643,0.3807782
1084,0.9336668252944946,0.38070086
1085,0.9337477684020996,0.38061288
1086,0.9338358044624329,0.38052472
1087,0.9339216947555542,0.3804406
1088,0.9340085983276367,0.38035533
1089,0.9341013431549072,0.38027745
1090,0.9341984987258911,0.38019773
1091,0.9342793822288513,0.38011572
1092,0.9343644380569458,0.38003704
1093,0.9344474077224731,0.37996146
1094,0.9345390796661377,0.37987682
1095,0.9346215724945068,0.37979773
1096,0.9347069263458252,0.3797205
1097,0.9348002672195435,0.37963492
1098,0.9348883032798767,0.37954763
1099,0.9349784255027771,0.37946993
1100,0.9350659847259521,0.3793686
1101,0.9351543188095093,0.37928525
1102,0.9352385997772217,0.3792061
1103,0.9353207349777222,0.37913296
1104,0.9354074001312256,0.3790503
1105,0.9354838728904724,0.3789762
1106,0.9355629682540894,0.37889856
1107,0.9356485605239868,0.3788185
1108,0.9357351064682007,0.37873706
1109,0.9358178377151489,0.3786561
1110,0.9359099864959717,0.3785719
1111,0.9360010027885437,0.37849087
1112,0.936084508895874,0.37841883
1113,0.9361685514450073,0.378329
1114,0.9362490177154541,0.37825322
1115,0.9363307952880859,0.3781691
1116,0.936420202255249,0.3780957
1117,0.9365111589431763,0.37802073
1118,0.9365954399108887,0.37793958
1119,0.9366769790649414,0.37786818
1120,0.9367562532424927,0.37779072
1121,0.9368363618850708,0.3777136
1122,0.9369252324104309,0.37763268
1123,0.9370060563087463,0.37755504
1124,0.9370695948600769,0.37747848
1125,0.9371476173400879,0.37739813
1126,0.937231719493866,0.37731898
1127,0.9373186826705933,0.3772389
1128,0.9374102354049683,0.37716225
1129,0.937494158744812,0.37708545
1130,0.9375755786895752,0.37700665
1131,0.937659502029419,0.3769272
1132,0.9377442598342896,0.37684807
1133,0.9378143548965454,0.37677133
1134,0.9378862380981445,0.37669498
1135,0.937968909740448,0.3766165
1136,0.9380505084991455,0.37654218
1137,0.9381341934204102,0.3764669
1138,0.9382072687149048,0.37638947
1139,0.938278079032898,0.37631822
1140,0.9383566975593567,0.37623692
1141,0.9384377002716064,0.37615773
1142,0.9385253190994263,0.37608725
1143,0.9386184215545654,0.37600514
1144,0.9387059807777405,0.37593597
1145,0.9387854337692261,0.37585792
1146,0.9388641119003296,0.3757831
1147,0.9389368891716003,0.37571394
1148,0.9390220642089844,0.3756291
1149,0.9391030669212341,0.37555024
1150,0.9391701221466064,0.37546945
1151,0.9392499923706055,0.3753943
1152,0.9393457174301147,0.37531704
1153,0.9394383430480957,0.3752424
1154,0.939527153968811,0.37516364
1155,0.9396063089370728,0.37509647
1156,0.9396975636482239,0.3750281
1157,0.939773678779602,0.37495592
1158,0.9398378133773804,0.3748803
1159,0.9399129152297974,0.3748055
1160,0.9399950504302979,0.37473238
1161,0.9400622844696045,0.3746638
1162,0.9401196241378784,0.37458763
1163,0.940190851688385,0.374508
1164,0.9402650594711304,0.3744326
1165,0.9403334856033325,0.3743497
1166,0.9404087066650391,0.3742724
1167,0.9404884576797485,0.3741899
1168,0.94056236743927,0.37411982
1169,0.940636157989502,0.3740448
1170,0.9407126903533936,0.37396374
1171,0.9407889246940613,0.37388113
1172,0.9408718347549438,0.37380737
1173,0.9409436583518982,0.37372756
1174,0.9410125017166138,0.37365094
1175,0.94109046459198,0.37357998
1176,0.9411799311637878,0.37350374
1177,0.9412707686424255,0.37343523
1178,0.9413435459136963,0.37336367
1179,0.9414228200912476,0.373284
1180,0.941501796245575,0.37320527
1181,0.9415844082832336,0.3731345
1182,0.9416532516479492,0.37305558
1183,0.9417299032211304,0.37298563
1184,0.9418140649795532,0.37291738
1185,0.9418883323669434,0.3728362
1186,0.941952109336853,0.37277022
1187,0.9420328736305237,0.37269744
1188,0.9421169757843018,0.3726247
1189,0.942193329334259,0.37255147
1190,0.9422762393951416,0.37248737
1191,0.9423472881317139,0.3724222
1192,0.942429780960083,0.3723551
1193,0.9425036907196045,0.37229243
1194,0.9425743222236633,0.37222373
1195,0.942639946937561,0.37215784
1196,0.9427017569541931,0.3720857
1197,0.9427629709243774,0.3720143
1198,0.9428328275680542,0.37194136
1199,0.9429079294204712,0.3718749
1200,0.9429764747619629,0.3717991
1201,0.9430623054504395,0.37172553
1202,0.9431432485580444,0.37165755
1203,0.9432108402252197,0.37159216
1204,0.943274974822998,0.37152728
1205,0.9433432817459106,0.37145427
1206,0.9434221982955933,0.37138566
1207,0.9434990882873535,0.3713219
1208,0.9435778856277466,0.3712509
1209,0.943640947341919,0.37117675
1210,0.9437130689620972,0.37110302
1211,0.9437852501869202,0.37103558
1212,0.9438583850860596,0.37096447
1213,0.9439435005187988,0.37089598
1214,0.9440256953239441,0.3708234
1215,0.9441018104553223,0.37075537
1216,0.9441738128662109,0.3706947
1217,0.9442489147186279,0.37063053
1218,0.9443215131759644,0.37056905
1219,0.9443823099136353,0.37049872
1220,0.9444486498832703,0.37042806
1221,0.9445188045501709,0.3703634
1222,0.9445981383323669,0.3702914
1223,0.9446718692779541,0.37021738
1224,0.944753885269165,0.37014914
1225,0.9448238611221313,0.37007856
1226,0.9448914527893066,0.37001085
1227,0.9449629783630371,0.3699354
1228,0.9450281858444214,0.36986798
1229,0.9450957775115967,0.36979926
1230,0.9451628923416138,0.36973622
1231,0.9452297687530518,0.36966437
1232,0.9452927112579346,0.36959255
1233,0.9453610181808472,0.36952725
1234,0.9454313516616821,0.3694539
1235,0.9454916715621948,0.36938128
1236,0.9455550909042358,0.36931214
1237,0.9456173777580261,0.36924765
1238,0.9456830024719238,0.36918387
1239,0.9457676410675049,0.3691143
1240,0.9458410739898682,0.36903983
1241,0.9459034204483032,0.3689705
1242,0.94596928358078,0.36889568
1243,0.9460436701774597,0.3688348
1244,0.9461226463317871,0.3687722
1245,0.9461918473243713,0.36870807
1246,0.9462602138519287,0.36863792
1247,0.9463286995887756,0.36857656
1248,0.9463883638381958,0.3685109
1249,0.946448802947998,0.3684457
1250,0.9465186595916748,0.36838228
1251,0.9465922713279724,0.36832193
1252,0.9466675519943237,0.36825448
1253,0.9467345476150513,0.36818838
1254,0.9468059539794922,0.36811516
1255,0.9468706846237183,0.36804926
1256,0.9469292759895325,0.36798564
1257,0.9469913244247437,0.3679221
1258,0.9470548629760742,0.36785725
1259,0.9471244812011719,0.36779243
1260,0.9471993446350098,0.367722
1261,0.9472664594650269,0.36765897
1262,0.947329044342041,0.36759338
1263,0.9473947882652283,0.3675364
1264,0.9474625587463379,0.36746594
1265,0.9475325345993042,0.3674052
1266,0.9476131200790405,0.3673467
1267,0.9476847648620605,0.36728555
1268,0.9477499723434448,0.3672252
1269,0.9478119611740112,0.36715427
1270,0.9478675127029419,0.36709312
1271,0.9479303956031799,0.36703357
1272,0.9479836225509644,0.36696985
1273,0.9480408430099487,0.3669088
1274,0.9480990171432495,0.36684567
1275,0.9481668472290039,0.36677516
1276,0.948225736618042,0.36671543
1277,0.9482876062393188,0.3666526
1278,0.9483486413955688,0.36658686
1279,0.9484165906906128,0.3665265
1280,0.9484800100326538,0.3664573
1281,0.9485471248626709,0.3663957
1282,0.9486243724822998,0.36632597
1283,0.9486930966377258,0.36626223
1284,0.9487572908401489,0.3661977
1285,0.9488153457641602,0.36613736
1286,0.9488767385482788,0.36607295
1287,0.9489474296569824,0.3660149
1288,0.949022650718689,0.3659581
1289,0.9490933418273926,0.36589304
1290,0.9491515755653381,0.36583304
1291,0.9492177963256836,0.3657784
1292,0.9492895603179932,0.36572188
1293,0.9493501782417297,0.365662
1294,0.9494137763977051,0.36559603
1295,0.9494724273681641,0.36552888
1296,0.9495301842689514,0.36546656
1297,0.9495956897735596,0.36540434
1298,0.94966721534729,0.3653378
1299,0.9497392773628235,0.36527836
1300,0.9498084783554077,0.36521387
1301,0.9498637318611145,0.36515433
1302,0.9499211311340332,0.3650891
1303,0.9499795436859131,0.36502737
1304,0.9500375986099243,0.36496657
1305,0.950106143951416,0.3649098
1306,0.950176477432251,0.36484718
1307,0.9502427577972412,0.36478338
1308,0.9503076076507568,0.3647185
1309,0.9503802061080933,0.36465374
1310,0.9504510164260864,0.36459735
1311,0.9505202770233154,0.36453596
1312,0.95057213306427,0.36447465
1313,0.9506282210350037,0.36440915
1314,0.9506930112838745,0.3643498
1315,0.9507532715797424,0.3642879
1316,0.9508188962936401,0.36422986
1317,0.9508799314498901,0.36417413
1318,0.9509347677230835,0.36411047
1319,0.9509979486465454,0.36405107
1320,0.9510629177093506,0.36399198
1321,0.95112144947052,0.363933
1322,0.9511885046958923,0.36388057
1323,0.9512490034103394,0.36381882
1324,0.9513131380081177,0.36375898
1325,0.9513823986053467,0.36370164
1326,0.9514366388320923,0.3636382
1327,0.9514988660812378,0.36358076
1328,0.9515648484230042,0.3635261
1329,0.9516212940216064,0.36346874
1330,0.9516834020614624,0.3634117
1331,0.9517505168914795,0.36334962
1332,0.9518133401870728,0.36329785
1333,0.9518725872039795,0.36323842
1334,0.951938271522522,0.363181
1335,0.9519980549812317,0.3631172
1336,0.9520707726478577,0.36306015
1337,0.9521353244781494,0.36299872
1338,0.9521996974945068,0.36294422
1339,0.9522579312324524,0.36288747
1340,0.9523130655288696,0.3628249
1341,0.9523797035217285,0.3627707
1342,0.9524524211883545,0.3627068
1343,0.9525186419487,0.36264887
1344,0.952573299407959,0.36259097
1345,0.9526284337043762,0.3625289
1346,0.9526810646057129,0.36246756
1347,0.9527472257614136,0.36241364
1348,0.9528151750564575,0.36234865
1349,0.95287024974823,0.36229265
1350,0.9529223442077637,0.36223632
1351,0.9529852867126465,0.36218336
1352,0.9530443549156189,0.36212668
1353,0.9531090259552002,0.36206666
1354,0.9531574249267578,0.3620248
1355,0.95317542552948,0.36201796
1356,0.9532070159912109,0.36197045
1357,0.9532586932182312,0.36191955
1358,0.9533121585845947,0.36186332
1359,0.9533696174621582,0.36180875
1360,0.9534220695495605,0.3617537
1361,0.9534837007522583,0.36170352
1362,0.9535494446754456,0.36164758
1363,0.953619122505188,0.36158556
1364,0.9536897540092468,0.3615318
1365,0.9537496566772461,0.3614786
1366,0.9538123607635498,0.3614232
1367,0.9538744688034058,0.36136162
1368,0.953931450843811,0.36130264
1369,0.9539963006973267,0.36124995
1370,0.9540610313415527,0.36119717
1371,0.954110860824585,0.3611397
1372,0.9541662931442261,0.36107898
1373,0.9542169570922852,0.36101827
1374,0.9542745351791382,0.36096713
1375,0.9543284773826599,0.3609111
1376,0.9543837308883667,0.36085194
1377,0.9544419050216675,0.36079612
1378,0.954490065574646,0.36073807
1379,0.9545429944992065,0.36067948
1380,0.9546113610267639,0.36062655
1381,0.9546774625778198,0.36057165
1382,0.9547356367111206,0.36051622
1383,0.9547963738441467,0.36045864
1384,0.9548446536064148,0.3603991
1385,0.9548959732055664,0.3603471
1386,0.9549497365951538,0.36029175
1387,0.9550029039382935,0.36023837
1388,0.955068826675415,0.3601867
1389,0.9551377296447754,0.360131
1390,0.9551963806152344,0.3600785
1391,0.9552498459815979,0.36002183
1392,0.9553067088127136,0.3599649
1393,0.9553638696670532,0.3599127
1394,0.9554197788238525,0.35986468
1395,0.9554837346076965,0.3598074
1396,0.9555495977401733,0.359753
1397,0.9556089639663696,0.35969865
1398,0.9556678533554077,0.3596484
1399,0.9557267427444458,0.35959542
1400,0.9557855129241943,0.35954383
1401,0.9558392763137817,0.35949484
1402,0.9558882713317871,0.35943797
1403,0.9559389352798462,0.35938397
1404,0.9559969902038574,0.3593303
1405,0.9560586810112,0.35927603
1406,0.9561246633529663,0.35922503
1407,0.9561893939971924,0.35917497
1408,0.9562499523162842,0.3591218
1409,0.9563112854957581,0.3590678
1410,0.9563723802566528,0.35901666
1411,0.9564308524131775,0.35896444
1412,0.9564882516860962,0.35890824
1413,0.9565465450286865,0.35885605
1414,0.956600546836853,0.35880166
1415,0.9566389322280884,0.35874817
1416,0.9566868543624878,0.35869423
1417,0.9567409753799438,0.35863894
1418,0.9567981958389282,0.3585853
1419,0.9568520188331604,0.3585378
1420,0.9569058418273926,0.35848558
1421,0.9569635987281799,0.35843706
1422,0.957018256187439,0.35838538
1423,0.957065761089325,0.35833272
1424,0.9571126699447632,0.35828456
1425,0.9571629762649536,0.358237
1426,0.9572196006774902,0.35818374
1427,0.957276463508606,0.3581304
1428,0.9573192000389099,0.3580794
1429,0.9573678970336914,0.35803065
1430,0.9574259519577026,0.35798165
1431,0.9574796557426453,0.35792556
1432,0.9575387239456177,0.3578697
1433,0.9576004147529602,0.35782215
1434,0.9576645493507385,0.35777476
1435,0.9577224850654602,0.35772148
1436,0.957783043384552,0.35767236
1437,0.9578396081924438,0.35762686
1438,0.9578930735588074,0.35757536
1439,0.9579464197158813,0.35752076
1440,0.9580053687095642,0.35747007
1441,0.9580650329589844,0.3574195
1442,0.9581203460693359,0.3573692
1443,0.9581700563430786,0.35731757
1444,0.9582304954528809,0.3572694
1445,0.9582872986793518,0.35722053
1446,0.9583424925804138,0.35717195
1447,0.958398699760437,0.35712624
1448,0.9584473371505737,0.35707864
1449,0.9584931135177612,0.35702908
1450,0.9585427641868591,0.3569802
1451,0.9586032032966614,0.35692376
1452,0.9586638808250427,0.3568702
1453,0.9587205648422241,0.35682046
1454,0.9587664604187012,0.3567731
1455,0.9588139057159424,0.3567154
1456,0.9588667750358582,0.35666695
1457,0.9589182138442993,0.35661456
1458,0.9589680433273315,0.35656384
1459,0.9590181708335876,0.3565133
1460,0.9590746164321899,0.35646474
1461,0.9591374397277832,0.35641405
1462,0.9591883420944214,0.35636613
1463,0.9592298865318298,0.3563178
1464,0.9592838287353516,0.35626996
1465,0.9593414068222046,0.35622323
1466,0.9593875408172607,0.35616595
1467,0.9594367146492004,0.3561203
1468,0.959491491317749,0.35606676
1469,0.9595497846603394,0.3560166
1470,0.9596097469329834,0.3559618
1471,0.9596724510192871,0.35591123
1472,0.9597305059432983,0.35586292
1473,0.9597805142402649,0.355811
1474,0.9598361253738403,0.35576555
1475,0.9598941802978516,0.3557163
1476,0.9599498510360718,0.3556761
1477,0.9600002765655518,0.35562322
1478,0.9600542187690735,0.35557926
1479,0.9601138830184937,0.3555341
1480,0.9601705074310303,0.3554829
1481,0.9602237939834595,0.3554385
1482,0.9602780938148499,0.3553928
1483,0.9603205919265747,0.35534593
1484,0.9603569507598877,0.35529903
1485,0.9603956937789917,0.3552501
1486,0.9604415893554688,0.3551956
1487,0.9604914784431458,0.35515085
1488,0.9605414867401123,0.3550989
1489,0.9605945348739624,0.35505065
1490,0.9606508016586304,0.35500082
1491,0.9607099294662476,0.35495064
1492,0.960773229598999,0.35490128
1493,0.9608235359191895,0.35485855
1494,0.9608662128448486,0.3548089
1495,0.960915207862854,0.35476503
1496,0.9609688520431519,0.35472107
1497,0.9610178470611572,0.3546737
1498,0.9610732793807983,0.3546257
1499,0.9611282348632812,0.35457903
1500,0.9611809253692627,0.35452172
1501,0.9612292647361755,0.3544845
1502,0.9612797498703003,0.35443717
1503,0.9613349437713623,0.35439497
1504,0.9613832235336304,0.35435584
1505,0.9614228010177612,0.3543245
1506,0.9614400863647461,0.35432363
1507,0.9614569544792175,0.3542841
1508,0.9614970088005066,0.3542419
1509,0.9615389108657837,0.3542026
1510,0.9615788459777832,0.3541605
1511,0.9616237282752991,0.35411814
1512,0.9616648554801941,0.35407883
1513,0.9617136120796204,0.35403848
1514,0.9617644548416138,0.35399303
1515,0.9618117809295654,0.35394767
1516,0.9618635177612305,0.353901
1517,0.9619119167327881,0.35385814
1518,0.9619525074958801,0.3538167
1519,0.9619889259338379,0.3537688
1520,0.9620341658592224,0.35372078
1521,0.9620790481567383,0.3536683
1522,0.9621250629425049,0.35362595
1523,0.9621747732162476,0.35358363
1524,0.9622175693511963,0.35353634
1525,0.9622678160667419,0.35349214
1526,0.9623212814331055,0.35344625
1527,0.9623621702194214,0.35339522
1528,0.9624082446098328,0.35334852
1529,0.9624606370925903,0.3533001
1530,0.9625102281570435,0.35325214
1531,0.9625527262687683,0.35321167
1532,0.9626045823097229,0.35316682
1533,0.9626584053039551,0.35312146
1534,0.9627038836479187,0.35308146
1535,0.9627467393875122,0.35303533
1536,0.9627899527549744,0.35299098
1537,0.962843656539917,0.35294443
1538,0.9628957509994507,0.35289797
1539,0.9629490375518799,0.35284805
1540,0.9629952907562256,0.35280043
1541,0.9630351066589355,0.35275373
1542,0.9630889892578125,0.3527101
1543,0.9631413221359253,0.35266572
1544,0.9631853103637695,0.35261884
1545,0.9632290005683899,0.35257232
1546,0.9632775783538818,0.35252482
1547,0.9633316993713379,0.35248315
1548,0.9633840322494507,0.3524381
1549,0.9634339809417725,0.35239598
1550,0.9634816646575928,0.35234514
1551,0.9635282158851624,0.35229725
1552,0.9635738134384155,0.35224968
1553,0.9636173248291016,0.35220376
1554,0.9636622667312622,0.352161
1555,0.9637185335159302,0.35211205
1556,0.9637691378593445,0.35206306
1557,0.963819146156311,0.35201848
1558,0.963861882686615,0.35197666
1559,0.9639140367507935,0.3519317
1560,0.9639670252799988,0.35188508
1561,0.9640188217163086,0.35183617
1562,0.9640688896179199,0.3517883
1563,0.9641138911247253,0.35174346
1564,0.9641572833061218,0.35170546
1565,0.9642051458358765,0.35166186
1566,0.9642568826675415,0.35161212
1567,0.9642961025238037,0.35156325
1568,0.9643333554267883,0.3515182
1569,0.9643775820732117,0.35147488
1570,0.9644126892089844,0.3514252
1571,0.9644535779953003,0.35138306
1572,0.9644990563392639,0.35134313
1573,0.9645493030548096,0.35129827
1574,0.9646026492118835,0.35125834
1575,0.9646485447883606,0.351215
1576,0.9646991491317749,0.35117197
1577,0.9647402763366699,0.35112563
1578,0.9647873640060425,0.35108435
1579,0.9648277759552002,0.35104558
1580,0.9648677706718445,0.35100302
1581,0.9649131298065186,0.35096443
1582,0.9649531245231628,0.35092396
1583,0.9649978876113892,0.35087886
1584,0.9650437831878662,0.35083473
1585,0.9650983214378357,0.35079905
1586,0.9651540517807007,0.35076085
1587,0.965204119682312,0.35072005
1588,0.965256929397583,0.3506775
1589,0.9653018712997437,0.35063165
1590,0.9653500318527222,0.35058397
1591,0.9653915762901306,0.35054654
1592,0.9654349088668823,0.35050488
1593,0.9654757976531982,0.35045582
1594,0.9655133485794067,0.35041195
1595,0.9655572175979614,0.3503677
1596,0.9656036496162415,0.3503246
1597,0.9656456112861633,0.35029048
1598,0.9656922817230225,0.35024834
1599,0.9657409191131592,0.35020977
1600,0.9657952785491943,0.35016578
1601,0.9658383131027222,0.35012314
1602,0.965874195098877,0.35008058
1603,0.9659168720245361,0.35004193
1604,0.9659650325775146,0.35000014
1605,0.9660178422927856,0.34995833
1606,0.9660676121711731,0.34991956
1607,0.9661176800727844,0.34987506
1608,0.9661521315574646,0.34983918
1609,0.9661898612976074,0.34979764
1610,0.9662296772003174,0.34975415
1611,0.9662731885910034,0.34971443
1612,0.9663127660751343,0.34967017
1613,0.9663543701171875,0.34962806
1614,0.9663947820663452,0.3495834
1615,0.9664328098297119,0.34954154
1616,0.9664760828018188,0.34950152
1617,0.9665212631225586,0.3494577
1618,0.9665694236755371,0.34941408
1619,0.9666121006011963,0.3493713
1620,0.9666509628295898,0.34933847
1621,0.9666916131973267,0.34929729
1622,0.9667365550994873,0.34925476
1623,0.9667919874191284,0.34921387
1624,0.9668378829956055,0.34917057
1625,0.96687912940979,0.34912843
1626,0.9669244289398193,0.34908777
1627,0.966970682144165,0.34904382
1628,0.9670228958129883,0.34900165
1629,0.9670710563659668,0.34896234
1630,0.9671086668968201,0.34891924
1631,0.9671462774276733,0.34887955
1632,0.967178463935852,0.34883484
1633,0.9672176837921143,0.3487919
1634,0.9672651290893555,0.34874982
1635,0.967312216758728,0.3487125
1636,0.9673525094985962,0.34867626
1637,0.9673891067504883,0.3486328
1638,0.9674283266067505,0.34859115
1639,0.9674726128578186,0.34855258
1640,0.9675122499465942,0.34850815
1641,0.9675465822219849,0.34847492
1642,0.9675847887992859,0.3484351
1643,0.967629075050354,0.34839144
1644,0.9676637649536133,0.34835076
1645,0.9676978588104248,0.3483102
1646,0.9677453637123108,0.34827134
1647,0.967785120010376,0.34823188
1648,0.9678279757499695,0.3481939
1649,0.9678652286529541,0.3481542
1650,0.9678976535797119,0.34811476
1651,0.9679340124130249,0.34807283
1652,0.9679781198501587,0.34803814
1653,0.9680230617523193,0.34799415
1654,0.9680671095848083,0.3479541
1655,0.9681048393249512,0.34791327
1656,0.9681394100189209,0.34788018
1657,0.9681816101074219,0.3478451
1658,0.9682213068008423,0.3478049
1659,0.9682562351226807,0.3477689
1660,0.968297004699707,0.34772778
1661,0.9683432579040527,0.347688
1662,0.9683883190155029,0.34764484
1663,0.9684404134750366,0.34760472
1664,0.9684861898422241,0.3475636
1665,0.9685398936271667,0.3475257
1666,0.9685839414596558,0.34748656
1667,0.9686293005943298,0.3474462
1668,0.968675971031189,0.3474119
1669,0.9687247276306152,0.3473746
1670,0.9687653183937073,0.34733024
1671,0.9688050746917725,0.34728828
1672,0.9688402414321899,0.34725305
1673,0.9688750505447388,0.34721982
1674,0.968909740447998,0.34718373
1675,0.9689446091651917,0.3471418
1676,0.9689904451370239,0.3471
1677,0.9690375924110413,0.34706205
1678,0.9690799713134766,0.34702352
1679,0.9691184759140015,0.34698388
1680,0.9691610336303711,0.34694636
1681,0.9692007303237915,0.34690392
1682,0.9692345857620239,0.3468636
1683,0.9692737460136414,0.34682506
1684,0.969316840171814,0.34678572
1685,0.9693563580513,0.34674463
1686,0.9693882465362549,0.3467065
1687,0.9694274067878723,0.34666792
1688,0.9694645404815674,0.34662917
1689,0.9694980978965759,0.3465918
1690,0.969545841217041,0.34655166
1691,0.9695915579795837,0.346513
1692,0.9696356058120728,0.34647647
1693,0.9696789979934692,0.3464405
1694,0.9697176218032837,0.3463983
1695,0.969762921333313,0.34635994
1696,0.9698022603988647,0.34632358
1697,0.9698388576507568,0.346287
1698,0.9698730111122131,0.34624824
1699,0.9699081182479858,0.34620634
1700,0.9699525833129883,0.34616557
1701,0.9699985980987549,0.34612954
1702,0.9700416326522827,0.346094
1703,0.9700822234153748,0.34605858
1704,0.9701162576675415,0.34602284
1705,0.9701493382453918,0.34598356
1706,0.9701884388923645,0.3459426
1707,0.9702285528182983,0.34590545
1708,0.9702713489532471,0.34586897
1709,0.9703125953674316,0.3458308
1710,0.9703482389450073,0.34579733
1711,0.9703837633132935,0.34575728
1712,0.9704267978668213,0.3457227
1713,0.9704763293266296,0.3456898
1714,0.970518946647644,0.34565696
1715,0.9705606698989868,0.34562135
1716,0.9706036448478699,0.34558675
1717,0.9706432819366455,0.345554
1718,0.9706783294677734,0.34551832
1719,0.9707151651382446,0.34547746
1720,0.9707439541816711,0.3454391
1721,0.9707800149917603,0.34540126
1722,0.9708187580108643,0.3453629
1723,0.9708569645881653,0.3453221
1724,0.970899224281311,0.34528458
1725,0.9709354639053345,0.3452467
1726,0.9709734320640564,0.34521347
1727,0.9710077047348022,0.34517553
1728,0.9710434675216675,0.34514198
1729,0.9710841178894043,0.34510496
1730,0.9711223244667053,0.3450682
1731,0.9711530804634094,0.34503216
1732,0.9711891412734985,0.34499222
1733,0.9712224006652832,0.34496096
1734,0.971257209777832,0.34492335
1735,0.9712948799133301,0.3448864
1736,0.9713343381881714,0.34485075
1737,0.9713724851608276,0.34481847
1738,0.9713985919952393,0.34480304
1739,0.9713918566703796,0.34482363
1740,0.971389651298523,0.34478945
1741,0.9713947772979736,0.34479213
1742,0.9713965654373169,0.3447686
1743,0.9714213609695435,0.3447389
1744,0.9714475274085999,0.34471047
1745,0.971473217010498,0.34468156
1746,0.9715032577514648,0.34465143
1747,0.9715416431427002,0.34462422
1748,0.9715805053710938,0.34459078
1749,0.9716163873672485,0.34456065
1750,0.9716535210609436,0.34452504
1751,0.9716881513595581,0.3444904
1752,0.9717221260070801,0.3444576
1753,0.9717550873756409,0.34442875
1754,0.9717904329299927,0.3443952
1755,0.9718310236930847,0.34436283
1756,0.9718747138977051,0.34432238
1757,0.971912145614624,0.34428945
1758,0.9719512462615967,0.34425738
1759,0.9719841480255127,0.34421718
1760,0.9720205068588257,0.34418896
1761,0.9720618724822998,0.3441536
1762,0.9721015691757202,0.3441158
1763,0.9721378087997437,0.3440791
1764,0.9721773266792297,0.3440473
1765,0.9722170233726501,0.34401217
1766,0.9722603559494019,0.34398025
1767,0.972298264503479,0.3439473
1768,0.9723369479179382,0.34390855
1769,0.9723780155181885,0.3438736
1770,0.9724134206771851,0.34383187
1771,0.9724506139755249,0.34379578
1772,0.9724794626235962,0.34376737
1773,0.9725164175033569,0.3437285
1774,0.9725582599639893,0.34369472
1775,0.9725919961929321,0.34366342
1776,0.972625732421875,0.34363064
1777,0.9726577997207642,0.3435948
1778,0.972687840461731,0.34356037
1779,0.9727251529693604,0.34352627
1780,0.9727579951286316,0.34349036
1781,0.972794771194458,0.34345526
1782,0.9728289842605591,0.34342203
1783,0.9728725552558899,0.34339112
1784,0.9729158878326416,0.3433535
1785,0.9729493856430054,0.34331837
1786,0.9729827642440796,0.34328544
1787,0.9730152487754822,0.34324628
1788,0.9730494022369385,0.34320766
1789,0.9730796813964844,0.3431679
1790,0.9731155633926392,0.3431357
1791,0.9731490612030029,0.34310305
1792,0.9731886386871338,0.34307116
1793,0.9732295870780945,0.34303257
1794,0.9732611775398254,0.34299856
1795,0.9732961654663086,0.3429627
1796,0.9733355045318604,0.34292793
1797,0.9733760952949524,0.34289718
1798,0.9734044075012207,0.34286323
1799,0.9734373092651367,0.3428337
1800,0.9734712839126587,0.34280077
1801,0.9735029935836792,0.3427651
1802,0.9735369682312012,0.34273192
1803,0.973572313785553,0.3426999
1804,0.9736182689666748,0.34266764
1805,0.9736572504043579,0.34263858
1806,0.9736884832382202,0.3426047
1807,0.9737261533737183,0.34256762
1808,0.9737666845321655,0.34253535
1809,0.9737960696220398,0.3425017
1810,0.9738328456878662,0.34246746
1811,0.9738720059394836,0.34243593
1812,0.9739054441452026,0.34240413
1813,0.9739423394203186,0.34237123
1814,0.9739769697189331,0.3423335
1815,0.9740081429481506,0.34230146
1816,0.974043607711792,0.34226754
1817,0.9740775227546692,0.34223628
1818,0.9741107225418091,0.3421983
1819,0.9741519689559937,0.34216645
1820,0.9741960763931274,0.34213302
1821,0.974236011505127,0.34210342
1822,0.9742721319198608,0.34206575
1823,0.9743137955665588,0.34203684
1824,0.9743474721908569,0.3420048
1825,0.9743773341178894,0.34197256
1826,0.9744123220443726,0.3419425
1827,0.9744426012039185,0.34191188
1828,0.9744732975959778,0.34187907
1829,0.9745117425918579,0.34184548
1830,0.9745493531227112,0.3418154
1831,0.9745807647705078,0.34178433
1832,0.9746137857437134,0.34174958
1833,0.97464919090271,0.34171706
1834,0.9746904969215393,0.34168488
1835,0.9747326374053955,0.341651
1836,0.9747704267501831,0.3416205
1837,0.9748008847236633,0.34158596
1838,0.9748357534408569,0.34155267
1839,0.9748698472976685,0.34151742
1840,0.974902868270874,0.34148476
1841,0.9749341011047363,0.3414568
1842,0.974958062171936,0.3414229
1843,0.9749828577041626,0.341394
1844,0.9750258922576904,0.34136173
1845,0.9750659465789795,0.34132862
1846,0.9750977158546448,0.3412939
1847,0.9751262664794922,0.34126294
1848,0.9751598238945007,0.3412296
1849,0.9751945734024048,0.3411941
1850,0.9752317667007446,0.34116283
1851,0.9752691388130188,0.34113225
1852,0.9753081798553467,0.3411012
1853,0.975344181060791,0.34107172
1854,0.9753725528717041,0.34103498
1855,0.9754003286361694,0.34100148
1856,0.975438117980957,0.34096965
1857,0.9754766225814819,0.34093836
1858,0.9755162000656128,0.34090775
1859,0.9755475521087646,0.3408748
1860,0.9755817651748657,0.34084553
1861,0.9756219387054443,0.34081239
1862,0.9756641387939453,0.3407762
1863,0.9757070541381836,0.34075025
1864,0.9757454991340637,0.34071472
1865,0.975782036781311,0.34068176
1866,0.9758222103118896,0.34065026
1867,0.9758638143539429,0.3406182
1868,0.9758955836296082,0.34058622
1869,0.9759187698364258,0.3405546
1870,0.9759472608566284,0.3405251
1871,0.9759740829467773,0.34048882
1872,0.9760113954544067,0.34045738
1873,0.9760468602180481,0.3404242
1874,0.9760779142379761,0.34039652
1875,0.9761092662811279,0.34036687
1876,0.9761335849761963,0.34032893
1877,0.9761596918106079,0.34029913
1878,0.9761882424354553,0.34026408
1879,0.9762222170829773,0.34023365
1880,0.9762569665908813,0.34020317
1881,0.9762849807739258,0.34017274
1882,0.9763118028640747,0.34013975
1883,0.9763442277908325,0.34010535
1884,0.9763743877410889,0.34007365
1885,0.9764092564582825,0.3400418
1886,0.9764455556869507,0.34000906
1887,0.9764795303344727,0.33997822
1888,0.9765163660049438,0.33994758
1889,0.9765542149543762,0.33991605
1890,0.976585328578949,0.33988962
1891,0.9766192436218262,0.33985728
1892,0.9766508936882019,0.33982837
1893,0.976679801940918,0.33979455
1894,0.9767135381698608,0.33976287
1895,0.9767516851425171,0.33972716
1896,0.9767801761627197,0.33969852
1897,0.9768117666244507,0.33966658
1898,0.976845383644104,0.3396387
1899,0.9768786430358887,0.33960783
1900,0.9769117832183838,0.33957475
1901,0.9769456386566162,0.33954158
1902,0.9769805669784546,0.33951384
1903,0.9770176410675049,0.33948144
1904,0.9770489931106567,0.33945018
1905,0.9770819544792175,0.33942077
1906,0.9771170616149902,0.33939165
1907,0.9771541357040405,0.33937138
1908,0.9771905541419983,0.3393445
1909,0.9772237539291382,0.33931765
1910,0.9772568345069885,0.3392859
1911,0.9772955179214478,0.33925638
1912,0.9773329496383667,0.339221
1913,0.9773687124252319,0.33918908
1914,0.9773993492126465,0.33916265
1915,0.9774302244186401,0.33913234
1916,0.977460503578186,0.33910215
1917,0.9774900674819946,0.3390703
1918,0.9775224924087524,0.33903664
1919,0.9775518178939819,0.33900672
1920,0.9775789380073547,0.33897865
1921,0.9776120781898499,0.33894712
1922,0.9776427149772644,0.33891332
1923,0.977672815322876,0.3388817
1924,0.9777095317840576,0.338854
1925,0.9777439832687378,0.33882615
1926,0.9777795076370239,0.33879447
1927,0.9778153896331787,0.338767
1928,0.9778516292572021,0.33873993
1929,0.9778822064399719,0.3387092
1930,0.9779087901115417,0.3386805
1931,0.977942943572998,0.33864897
1932,0.977973222732544,0.33862
1933,0.9780055284500122,0.33858824
1934,0.9780458807945251,0.33856094
1935,0.978081226348877,0.3385343
1936,0.9781073927879333,0.33850282
1937,0.9781395196914673,0.33847427
1938,0.9781779050827026,0.33844382
1939,0.9782110452651978,0.3384136
1940,0.9782367944717407,0.3383872
1941,0.9782692193984985,0.33835706
1942,0.9783031940460205,0.3383269
1943,0.9783394932746887,0.33829126
1944,0.9783713817596436,0.33826384
1945,0.9784067869186401,0.33823547
1946,0.9784383177757263,0.33820227
1947,0.9784669280052185,0.338173
1948,0.9784907102584839,0.33814418
1949,0.9785166382789612,0.33811694
1950,0.9785498380661011,0.3380841
1951,0.9785833358764648,0.3380559
1952,0.9786179661750793,0.33802307
1953,0.9786462187767029,0.3379971
1954,0.9786754250526428,0.33796647
1955,0.9787130355834961,0.33793893
1956,0.9787425994873047,0.3379086
1957,0.9787684679031372,0.33787867
1958,0.978797197341919,0.3378503
1959,0.9788192510604858,0.33782104
1960,0.9788470268249512,0.33779418
1961,0.9788749814033508,0.3377656
1962,0.9789072275161743,0.3377353
1963,0.9789433479309082,0.33770564
1964,0.9789730906486511,0.33767205
1965,0.9789999723434448,0.33764508
1966,0.9790263175964355,0.33761537
1967,0.9790538549423218,0.33758542
1968,0.979083240032196,0.33756086
1969,0.9791168570518494,0.33753124
1970,0.9791526198387146,0.33749947
1971,0.9791824817657471,0.33747452
1972,0.9792119264602661,0.33744666
1973,0.9792460203170776,0.33741912
1974,0.9792822003364563,0.3373927
1975,0.9793202877044678,0.33736694
1976,0.9793570637702942,0.33734062
1977,0.9793875217437744,0.3373162
1978,0.979424774646759,0.33728695
1979,0.9794635772705078,0.33725908
1980,0.9795045852661133,0.33723173
1981,0.9795386791229248,0.33720312
1982,0.9795717597007751,0.33717433
1983,0.979602038860321,0.3371453
1984,0.9796373844146729,0.33711892
1985,0.9796687364578247,0.33709615
1986,0.9797037243843079,0.33706546
1987,0.9797372221946716,0.33703306
1988,0.9797690510749817,0.33700433
1989,0.9798009395599365,0.33697656
1990,0.9798314571380615,0.33694693
1991,0.9798635840415955,0.33691648
1992,0.9799011945724487,0.3368857
1993,0.979934573173523,0.33686125
1994,0.9799655675888062,0.336832
1995,0.9799980521202087,0.33680305
1996,0.980024516582489,0.3367737
1997,0.9800549745559692,0.33674332
1998,0.9800866842269897,0.33671385
1999,0.9801185131072998,0.33668828
2000,0.9801527857780457,0.33666307
